id;pseudonym;gender;birthdayFormatted;zipCode;city;registrationDateFormatted
1;customer_tilla;FEMALE;26.09.2003;17111;Sarow;23.11.2019
2;customer_roland;MALE;08.02.1915;13158;Rosenthal;10.06.2020
3;customer_elke;FEMALE;14.09.1909;25764;Hillgroven;09.04.2019
4;customer_willibald;MALE;02.08.1921;97258;Oberickelsheim;11.08.2019
5;customer_otthold;MALE;04.12.2004;84168;Aham;13.02.2019
6;customer_markward;MALE;12.05.2000;54578;Berndorf;04.03.2020
7;customer_wilhelma;FEMALE;09.08.1972;24211;Preetz;02.03.2019
8;customer_erlfried;MALE;27.10.1934;25764;Hillgroven;08.08.2019
9;customer_burghard;MALE;11.07.1909;24626;Groß Kummerfeld;21.05.2019
10;customer_alex;MALE;30.04.2010;24626;Groß Kummerfeld;25.08.2019
11;customer_engelbrecht;MALE;11.10.1972;24211;Pohnsdorf;23.08.2019
12;customer_patrik;MALE;17.01.1946;86637;Wertingen;11.06.2019
13;customer_isabella;FEMALE;28.02.1942;38462;Grafhorst;16.08.2020
14;customer_christsolde;FEMALE;20.03.1949;38462;Grafhorst;18.06.2019
15;customer_edelhard;MALE;04.10.2017;13158;Rosenthal;08.02.2019
16;customer_philipine;FEMALE;16.04.1988;67744;Löllbach;25.05.2019
17;customer_winnimar;MALE;26.08.1980;17111;Sarow;11.01.2019
18;customer_lisa;FEMALE;25.07.1947;53506;Rech;26.06.2020
19;customer_wolfdieter;MALE;16.12.1994;24211;Pohnsdorf;03.01.2019
20;customer_sigismund;MALE;27.11.1983;24626;Groß Kummerfeld;28.01.2019
21;customer_waldtraud;FEMALE;08.06.2015;49196;Bad Laer;22.07.2019
22;customer_mariegret;FEMALE;28.07.1944;53506;Rech;10.02.2019
23;customer_matthäus;MALE;13.04.2001;21406;Barnstedt;26.06.2019
24;customer_oscar;MALE;21.03.1927;67728;Münchweiler an der Alsenz;12.06.2019
25;customer_hanns;MALE;14.02.1989;31555;Suthfeld;21.03.2020
26;customer_claus;FEMALE;24.04.1915;38440;Wolfsburg;08.01.2019
27;customer_lewin;MALE;02.06.2011;67744;Löllbach;28.04.2019
28;customer_christin;FEMALE;05.04.1917;34266;Niestetal;31.07.2019
29;customer_aloys;MALE;02.11.1962;34266;Niestetal;16.03.2021
30;customer_gismar;MALE;28.10.1931;38462;Grafhorst;07.07.2019
31;customer_irmingard;FEMALE;03.10.1991;54578;Berndorf;13.02.2019
32;customer_volkart;MALE;07.11.1940;13158;Rosenthal;28.03.2019
33;customer_wolfhardt;MALE;23.12.1980;49832;Freren;05.09.2020
34;customer_herwarth;MALE;17.05.2003;67586;Hillesheim;04.04.2019
35;customer_marga;FEMALE;08.12.1910;13158;Rosenthal;01.06.2019
36;customer_eginhardt;MALE;07.03.1942;54578;Berndorf;30.11.2019
37;customer_godo;MALE;11.02.2010;88361;Boms;21.05.2019
38;customer_folko;FEMALE;28.07.2008;49681;Garrel;23.03.2019
39;customer_angelina;FEMALE;04.09.1945;38440;Wolfsburg;03.11.2019
40;customer_philine;FEMALE;23.02.1928;49196;Bad Laer;26.10.2020
41;customer_lion;MALE;05.03.1985;67586;Hillesheim;03.03.2021
42;customer_annedörte;FEMALE;18.09.1937;54636;Ehlenz;25.08.2020
43;customer_boto;MALE;23.01.1909;17111;Sarow;14.10.2019
44;customer_ortmund;MALE;10.10.1970;13158;Rosenthal;06.01.2019
45;customer_daphne;FEMALE;28.05.1966;45476;Mülheim an der Ruhr;18.09.2019
46;customer_tankred;MALE;13.03.1921;84168;Aham;11.01.2019
47;customer_lioba;FEMALE;13.06.1937;25926;Karlum;12.01.2019
48;customer_gernulf;MALE;17.01.1913;49832;Freren;31.07.2019
49;customer_caren;FEMALE;10.08.2006;50735;Köln;13.02.2019
50;customer_gunda;FEMALE;07.03.1929;17111;Sarow;17.06.2019
51;customer_jonah;MALE;03.06.1940;49681;Garrel;28.10.2019
52;customer_sara;FEMALE;29.10.1978;72294;Grömbach;20.03.2020
53;customer_charlotte;FEMALE;17.06.1958;67728;Münchweiler an der Alsenz;03.12.2020
54;customer_reginhardt;MALE;13.10.1925;33739;Bielefeld;24.09.2019
55;customer_luke;FEMALE;14.08.1965;82031;Grünwald;26.04.2019
56;customer_utz;MALE;14.06.1994;67728;Münchweiler an der Alsenz;04.02.2020
57;customer_otbert;MALE;05.08.1963;49196;Bad Laer;02.03.2019
58;customer_julian;FEMALE;31.07.1985;24211;Pohnsdorf;09.03.2021
59;customer_nic;MALE;10.03.1945;38462;Grafhorst;26.06.2020
60;customer_margrid;FEMALE;10.08.1941;49681;Garrel;11.01.2019
61;customer_innozenz;FEMALE;08.10.1918;54636;Ehlenz;07.10.2019
62;customer_andre;MALE;29.11.1910;74243;Langenbrettach;27.07.2019
63;customer_luisa;FEMALE;28.02.1946;67744;Löllbach;17.09.2019
64;customer_christoph;MALE;08.01.1980;24626;Groß Kummerfeld;18.03.2019
65;customer_annedorle;FEMALE;09.04.1903;54636;Ehlenz;28.05.2020
66;customer_dustin;MALE;25.02.1985;24211;Pohnsdorf;17.07.2019
67;customer_arntraud;FEMALE;21.02.1964;72294;Grömbach;05.01.2019
68;customer_hedy;FEMALE;30.10.1931;74243;Langenbrettach;14.04.2019
69;customer_borromäus;MALE;04.11.1951;67586;Hillesheim;15.11.2020
70;customer_theodore;FEMALE;19.05.1986;72411;Bodelshausen;16.03.2019
71;customer_harry;FEMALE;28.01.1905;34266;Niestetal;12.01.2019
72;customer_lyn;FEMALE;01.01.1935;49832;Freren;20.10.2019
73;customer_annerose;FEMALE;25.05.1909;21521;Wohltorf;27.06.2020
74;customer_frederic;MALE;11.05.2017;21521;Wohltorf;08.10.2019
75;customer_milena;FEMALE;05.10.2014;67586;Hillesheim;31.05.2020
76;customer_friedmar;MALE;17.11.1941;25764;Hillgroven;09.06.2020
77;customer_dankward;MALE;27.05.1926;34266;Niestetal;29.04.2019
78;customer_caja;FEMALE;25.06.1942;84367;Zeilarn;22.03.2019
79;customer_willi;MALE;19.11.2009;73265;Dettingen unter Teck;05.12.2019
80;customer_wilhelmine;FEMALE;06.11.1974;88361;Boms;02.03.2019
81;customer_michelle;FEMALE;18.06.1971;85622;Feldkirchen;05.12.2020
82;customer_helgert;MALE;26.03.1945;38462;Grafhorst;27.08.2020
83;customer_friedberg;MALE;09.07.1959;49196;Bad Laer;28.03.2020
84;customer_josua;MALE;28.10.1907;25926;Karlum;30.07.2020
85;customer_gretlies;FEMALE;17.03.1952;85622;Feldkirchen;23.09.2019
86;customer_linde;FEMALE;09.06.1943;21406;Barnstedt;05.01.2020
87;customer_kaja;FEMALE;11.09.1923;85622;Feldkirchen;03.01.2020
88;customer_volkhardt;MALE;02.08.1914;67586;Hillesheim;16.04.2019
89;customer_ulwin;MALE;10.10.1918;88361;Boms;29.01.2020
90;customer_katherina;FEMALE;18.07.2006;97258;Oberickelsheim;26.03.2019
91;customer_sigishelm;MALE;22.03.1945;34266;Niestetal;31.08.2020
92;customer_berngard;FEMALE;16.11.1968;72294;Grömbach;30.09.2019
93;customer_sieghard;MALE;25.08.1993;38462;Grafhorst;02.07.2020
94;customer_bernhardin;FEMALE;15.08.1940;45476;Mülheim an der Ruhr;21.07.2019
95;customer_herzlinde;FEMALE;29.02.1984;84367;Zeilarn;04.07.2020
96;customer_clara;FEMALE;16.01.2015;21521;Wohltorf;28.08.2019
97;customer_leberecht;MALE;25.04.1948;49832;Freren;25.01.2019
98;customer_victoria;FEMALE;17.11.1965;67586;Hillesheim;01.06.2019
99;customer_wolfhelm;MALE;22.09.1934;84168;Aham;08.07.2019
100;customer_frohlinde;FEMALE;30.05.1998;97258;Oberickelsheim;13.04.2019
101;customer_joerg;MALE;08.08.1905;84168;Aham;06.03.2021
102;customer_conrad;MALE;12.08.1956;50735;Köln;18.10.2019
103;customer_paulfried;MALE;13.10.1995;25926;Karlum;25.04.2019
104;customer_ingfried;MALE;11.04.1909;38462;Grafhorst;01.01.2020
105;customer_evelore;FEMALE;16.10.1973;49832;Freren;12.07.2019
106;customer_hieronimus;MALE;21.08.1936;49681;Garrel;25.07.2020
107;customer_gerwin;MALE;07.07.1904;72411;Bodelshausen;06.10.2019
108;customer_karlgeorg;MALE;09.10.2018;33739;Bielefeld;09.09.2020
109;customer_cedric;MALE;09.09.1918;49681;Garrel;16.11.2020
110;customer_dietgar;MALE;28.11.2002;34266;Niestetal;25.08.2019
111;customer_dagobert;MALE;09.01.2007;55471;Reich;06.02.2019
112;customer_diane;FEMALE;11.04.1971;97258;Oberickelsheim;23.04.2020
113;customer_welfhard;MALE;16.05.2011;25926;Karlum;05.10.2019
114;customer_meinulf;MALE;10.12.1914;49681;Garrel;02.03.2019
115;customer_ehrhard;MALE;29.11.1920;38462;Grafhorst;02.02.2019
116;customer_hansgünther;MALE;24.03.2008;38440;Wolfsburg;29.04.2019
117;customer_jonas;MALE;29.08.1944;88361;Boms;23.03.2020
118;customer_ingolde;FEMALE;29.04.2007;54636;Ehlenz;05.06.2019
119;customer_roswita;FEMALE;27.06.1931;13158;Rosenthal;30.09.2019
120;customer_sophia;FEMALE;22.01.1927;38729;Hahausen;31.01.2020
121;customer_annalene;FEMALE;11.02.1961;25926;Karlum;23.01.2020
122;customer_dietolf;MALE;04.10.1962;21521;Wohltorf;01.05.2019
123;customer_klaudia;FEMALE;08.02.1905;21406;Barnstedt;02.01.2020
124;customer_giselbert;MALE;27.10.2011;13158;Rosenthal;20.12.2019
125;customer_ilsegret;FEMALE;20.07.1994;72294;Grömbach;07.01.2019
126;customer_sonnhild;FEMALE;22.07.1910;25926;Karlum;26.08.2019
127;customer_seibold;FEMALE;13.11.1905;24975;Hürup;23.04.2020
128;customer_ferdi;MALE;15.07.1917;49196;Bad Laer;07.08.2019
129;customer_tiberius;MALE;15.04.1918;17111;Sarow;24.06.2020
130;customer_ignatia;FEMALE;29.05.1910;54636;Ehlenz;25.03.2019
131;customer_hansludwig;MALE;09.08.2003;24975;Hürup;30.07.2020
132;customer_martha;FEMALE;01.12.1971;49832;Freren;25.08.2019
133;customer_elselotte;FEMALE;22.11.2017;97258;Oberickelsheim;05.08.2019
134;customer_andrea;FEMALE;11.09.1906;38462;Grafhorst;12.06.2019
135;customer_lana;FEMALE;16.06.1935;24211;Pohnsdorf;11.02.2019
136;customer_kimberly;FEMALE;16.04.1955;49832;Freren;27.02.2019
137;customer_erlwine;FEMALE;30.01.1905;50735;Köln;25.03.2019
138;customer_wilgard;FEMALE;19.08.1910;53506;Rech;03.10.2019
139;customer_jupp;MALE;06.11.1950;49832;Freren;17.12.2019
140;customer_gelbert;MALE;03.05.1918;21406;Barnstedt;18.02.2020
141;customer_meinfriede;FEMALE;01.07.1967;74243;Langenbrettach;27.02.2021
142;customer_gotthold;MALE;04.06.1904;72411;Bodelshausen;11.01.2019
143;customer_connor;MALE;06.07.2007;38462;Grafhorst;18.09.2019
144;customer_gregor;MALE;04.09.1923;33739;Bielefeld;19.02.2019
145;customer_evelyn;FEMALE;02.11.1977;21406;Barnstedt;10.05.2020
146;customer_otger;MALE;05.11.1971;84168;Aham;19.01.2020
147;customer_meinard;MALE;29.11.1920;24626;Groß Kummerfeld;07.09.2019
148;customer_liebhardt;MALE;08.04.1997;55471;Reich;14.07.2020
149;customer_josepha;FEMALE;17.06.1909;13158;Rosenthal;15.09.2019
150;customer_mike;MALE;05.09.1906;67744;Löllbach;08.06.2019
151;customer_sybil;FEMALE;09.11.1946;67744;Löllbach;10.07.2019
152;customer_isa;FEMALE;04.09.1946;38462;Grafhorst;20.09.2019
153;customer_gusti;FEMALE;22.07.2014;38462;Grafhorst;03.06.2019
154;customer_waldtraut;FEMALE;18.08.1916;74243;Langenbrettach;14.09.2020
155;customer_otti;FEMALE;01.06.1938;21521;Wohltorf;13.01.2019
156;customer_curd;MALE;21.03.1945;53506;Rech;23.11.2019
157;customer_udo;MALE;05.02.1967;97258;Oberickelsheim;01.07.2019
158;customer_harda;FEMALE;07.01.1913;25926;Karlum;02.08.2019
159;customer_lona;FEMALE;08.12.1930;54636;Ehlenz;10.06.2020
160;customer_wennemar;MALE;01.05.1997;53506;Rech;26.05.2019
161;customer_aloys;MALE;11.04.1916;34266;Niestetal;23.04.2019
162;customer_timm;MALE;29.06.1966;86637;Wertingen;16.05.2019
163;customer_gerolf;MALE;07.03.2003;45476;Mülheim an der Ruhr;20.04.2019
164;customer_delf;MALE;01.10.1957;25792;Neuenkirchen;27.03.2020
165;customer_jolanta;FEMALE;27.09.1986;72294;Grömbach;20.02.2019
166;customer_eik;MALE;24.02.1948;25926;Karlum;25.06.2019
167;customer_hanna;FEMALE;15.08.1911;49832;Freren;08.08.2020
168;customer_herlind;FEMALE;02.03.2012;72294;Grömbach;26.05.2019
169;customer_horstmar;MALE;26.10.1913;21406;Barnstedt;09.04.2019
170;customer_dietmute;FEMALE;13.06.1942;38462;Grafhorst;16.10.2019
171;customer_sigmund;MALE;30.01.1923;67586;Hillesheim;06.01.2019
172;customer_justin;MALE;21.08.1913;84168;Aham;02.06.2019
173;customer_hoimar;MALE;06.05.1910;13158;Rosenthal;22.04.2019
174;customer_margareth;FEMALE;05.01.1943;54578;Berndorf;12.01.2019
175;customer_felizia;FEMALE;23.09.2001;73265;Dettingen unter Teck;15.05.2021
176;customer_krista;FEMALE;10.07.1985;54578;Berndorf;24.07.2019
177;customer_inge;FEMALE;25.12.1905;97258;Oberickelsheim;31.10.2019
178;customer_harro;MALE;09.01.1905;84168;Aham;07.08.2019
179;customer_sindy;FEMALE;28.06.1916;49832;Freren;15.06.2019
180;customer_sigenot;MALE;07.07.2017;38462;Grafhorst;16.04.2019
181;customer_rosely;FEMALE;02.02.1934;74243;Langenbrettach;04.10.2019
182;customer_annetraude;FEMALE;21.09.2009;25764;Hillgroven;08.04.2019
183;customer_cordelia;FEMALE;20.05.1983;67744;Löllbach;26.12.2019
184;customer_helena;FEMALE;28.01.1985;38462;Grafhorst;25.07.2019
185;customer_warnfried;MALE;12.06.1932;72294;Grömbach;29.06.2019
186;customer_wulfhardt;MALE;22.12.1994;21521;Wohltorf;05.10.2019
187;customer_tilla;FEMALE;12.02.1974;25792;Neuenkirchen;29.08.2019
188;customer_vincent;MALE;24.06.1916;67744;Löllbach;30.03.2019
189;customer_muhammed;MALE;02.06.1945;25764;Hillgroven;02.05.2020
190;customer_martin;MALE;03.08.1936;85622;Feldkirchen;20.07.2020
191;customer_aloys;MALE;12.09.2015;49196;Bad Laer;23.01.2019
192;customer_wolff;MALE;16.06.1972;82031;Grünwald;23.03.2019
193;customer_florine;FEMALE;12.02.1922;21406;Barnstedt;29.01.2019
194;customer_anthony;MALE;22.01.1932;72294;Grömbach;31.05.2019
195;customer_katharina;FEMALE;02.10.1971;99428;Weimar;04.09.2019
196;customer_diethild;FEMALE;04.10.1996;13158;Rosenthal;08.01.2019
197;customer_paulfried;FEMALE;27.01.1950;33739;Bielefeld;11.04.2019
198;customer_juliana;FEMALE;08.01.1964;24626;Groß Kummerfeld;14.07.2019
199;customer_cordt;MALE;20.08.1986;49196;Bad Laer;04.08.2019
200;customer_dominik;MALE;29.09.1914;13158;Rosenthal;23.06.2019
201;customer_ingelore;FEMALE;12.11.1937;24211;Pohnsdorf;28.02.2020
202;customer_frederik;MALE;16.01.1977;49196;Bad Laer;22.06.2020
203;customer_heinolf;MALE;25.08.1928;72411;Bodelshausen;21.10.2019
204;customer_marbod;FEMALE;18.06.1970;24975;Hürup;19.08.2019
205;customer_meinard;MALE;12.04.1975;25764;Hillgroven;04.04.2019
206;customer_hansjörg;FEMALE;14.02.1908;82031;Grünwald;05.11.2019
207;customer_heidegard;FEMALE;27.12.1954;85622;Feldkirchen;10.06.2020
208;customer_reingard;FEMALE;11.10.1909;38440;Wolfsburg;27.09.2020
209;customer_jeanett;FEMALE;27.07.2020;97258;Oberickelsheim;05.07.2020
210;customer_rosi;FEMALE;09.06.1954;72294;Grömbach;24.01.2019
211;customer_dora;FEMALE;21.03.1993;53506;Rech;09.07.2019
212;customer_wilhelmine;FEMALE;16.06.1973;88361;Boms;12.08.2019
213;customer_gerthold;MALE;25.02.2001;24626;Groß Kummerfeld;21.06.2019
214;customer_mario;MALE;06.05.1920;38729;Hahausen;01.04.2019
215;customer_giselher;MALE;04.03.1911;84367;Zeilarn;03.09.2019
216;customer_hertha;FEMALE;16.10.1913;54578;Berndorf;15.07.2019
217;customer_eckfried;FEMALE;16.10.1962;67586;Hillesheim;23.07.2020
218;customer_rosa;FEMALE;23.11.1956;13158;Rosenthal;01.01.2019
219;customer_werngard;FEMALE;02.04.1929;21521;Wohltorf;01.01.2019
220;customer_dietz;FEMALE;12.09.1902;38462;Grafhorst;04.07.2019
221;customer_gunhild;FEMALE;13.06.1982;67586;Hillesheim;28.04.2019
222;customer_seibold;MALE;11.02.1991;55471;Reich;01.09.2020
223;customer_nils;FEMALE;06.10.1977;21521;Wohltorf;07.10.2019
224;customer_kläre;FEMALE;16.07.1949;67744;Löllbach;08.03.2019
225;customer_lona;FEMALE;22.07.1970;84168;Aham;05.12.2020
226;customer_waldtraut;FEMALE;17.10.1943;49832;Freren;06.02.2020
227;customer_christiane;FEMALE;09.01.1953;67728;Münchweiler an der Alsenz;18.05.2021
228;customer_clementine;FEMALE;02.10.1995;72294;Grömbach;15.07.2019
229;customer_volkhardt;MALE;30.11.1947;13158;Rosenthal;19.12.2019
230;customer_muthild;FEMALE;07.10.1939;73265;Dettingen unter Teck;05.01.2019
231;customer_rimbert;MALE;23.09.1947;25926;Karlum;17.02.2019
232;customer_susette;FEMALE;28.10.1974;86637;Wertingen;24.02.2019
233;customer_germo;MALE;05.10.1978;21406;Barnstedt;10.02.2019
234;customer_pankratius;MALE;15.04.1999;13158;Rosenthal;17.09.2020
235;customer_jannes;MALE;21.08.1985;25926;Karlum;02.01.2020
236;customer_wiegand;MALE;29.03.1919;50735;Köln;23.02.2019
237;customer_hieronymus;MALE;18.04.1923;72294;Grömbach;10.04.2020
238;customer_ehrenfried;MALE;30.06.1974;85622;Feldkirchen;06.10.2019
239;customer_caja;FEMALE;25.04.1913;54578;Berndorf;26.12.2020
240;customer_ursula;FEMALE;27.07.1909;84168;Aham;23.02.2019
241;customer_friedolin;MALE;26.04.2016;21406;Barnstedt;28.01.2019
242;customer_caren;FEMALE;23.01.2018;17111;Sarow;16.02.2019
243;customer_pankraz;MALE;06.11.1972;72411;Bodelshausen;25.04.2019
244;customer_konrad;MALE;15.07.1974;84168;Aham;14.06.2019
245;customer_brandolf;MALE;01.08.1939;67744;Löllbach;02.08.2019
246;customer_waltraut;FEMALE;27.08.1978;84168;Aham;10.09.2019
247;customer_joachim;MALE;15.01.1992;25926;Karlum;06.07.2019
248;customer_christhild;FEMALE;26.04.1983;82031;Grünwald;17.03.2019
249;customer_frieda;FEMALE;25.04.2004;67586;Hillesheim;30.06.2019
250;customer_gundhild;FEMALE;26.09.1910;74243;Langenbrettach;12.10.2020
251;customer_rudolf;MALE;26.01.1994;38729;Hahausen;16.03.2019
252;customer_engelhard;MALE;07.10.2003;55471;Reich;09.06.2021
253;customer_sylvia;FEMALE;16.04.1966;54578;Berndorf;08.04.2019
254;customer_eitelbert;MALE;11.12.1957;54636;Ehlenz;18.01.2019
255;customer_kaya;FEMALE;23.01.1982;72294;Grömbach;25.08.2019
256;customer_guntmar;MALE;07.10.1924;53506;Rech;07.05.2020
257;customer_effi;FEMALE;25.11.1985;13158;Rosenthal;12.05.2019
258;customer_claudius;MALE;22.02.1942;49681;Garrel;08.01.2020
259;customer_ronald;MALE;17.01.1975;24626;Groß Kummerfeld;28.03.2021
260;customer_jeremy;MALE;03.10.1959;97258;Oberickelsheim;28.05.2019
261;customer_lars;MALE;19.06.1963;55471;Reich;15.04.2019
262;customer_curd;MALE;26.08.1992;67744;Löllbach;10.02.2019
263;customer_günter;MALE;11.03.1970;45476;Mülheim an der Ruhr;31.05.2019
264;customer_schorsch;MALE;24.05.1954;24626;Groß Kummerfeld;01.03.2020
265;customer_kathrin;FEMALE;01.03.1906;24211;Preetz;21.01.2019
266;customer_swenja;FEMALE;16.06.1941;84367;Zeilarn;13.04.2019
267;customer_klaudius;MALE;31.08.2020;25926;Karlum;28.01.2019
268;customer_arndt;MALE;26.06.1912;55471;Reich;22.01.2019
269;customer_steffie;FEMALE;26.12.1986;24975;Hürup;27.10.2019
270;customer_ellengard;FEMALE;06.04.1958;25926;Karlum;02.08.2019
271;customer_hermfried;MALE;08.09.1920;49196;Bad Laer;18.12.2019
272;customer_jörn;MALE;10.07.1908;25764;Hillgroven;10.03.2020
273;customer_minna;FEMALE;02.08.1904;33739;Bielefeld;24.02.2019
274;customer_margarete;FEMALE;07.10.1958;84367;Zeilarn;21.09.2019
275;customer_anouschka;FEMALE;25.01.1983;21521;Wohltorf;25.03.2020
276;customer_hetty;FEMALE;04.08.1903;49681;Garrel;09.05.2020
277;customer_joerg;MALE;07.08.1978;25764;Hillgroven;08.04.2019
278;customer_winnimar;MALE;11.10.1904;25764;Hillgroven;19.12.2020
279;customer_heini;FEMALE;19.01.1904;24211;Pohnsdorf;11.02.2020
280;customer_viola;FEMALE;18.11.2015;67586;Hillesheim;23.03.2019
281;customer_ilse;FEMALE;30.03.2017;84367;Zeilarn;11.10.2020
282;customer_nico;MALE;09.01.1939;13158;Rosenthal;08.06.2019
283;customer_fabian;MALE;03.01.1945;33739;Bielefeld;20.01.2019
284;customer_baptist;MALE;30.04.1964;72411;Bodelshausen;26.05.2019
285;customer_amalia;FEMALE;20.09.1909;84367;Zeilarn;01.04.2019
286;customer_gertmund;MALE;01.05.1944;21521;Wohltorf;24.01.2019
287;customer_rené;MALE;28.09.1951;21406;Barnstedt;10.11.2020
288;customer_gerburg;FEMALE;09.12.1905;34266;Niestetal;26.03.2019
289;customer_waldburga;FEMALE;02.02.1996;33739;Bielefeld;24.04.2019
290;customer_ulvi;MALE;23.09.1972;67744;Löllbach;11.01.2021
291;customer_egon;MALE;29.06.1999;38462;Grafhorst;07.07.2019
292;customer_gertraut;FEMALE;17.09.1976;88361;Boms;20.01.2019
293;customer_herald;MALE;28.09.1943;34266;Niestetal;01.10.2019
294;customer_dankward;MALE;28.08.1938;25926;Karlum;06.09.2019
295;customer_dorchen;FEMALE;22.09.1935;25926;Karlum;14.05.2019
296;customer_louis;MALE;04.01.1928;17111;Sarow;18.11.2020
297;customer_gerd;MALE;16.02.1904;25926;Karlum;16.01.2019
298;customer_ehrenfried;MALE;15.02.1938;54636;Ehlenz;02.09.2019
299;customer_mirja;FEMALE;05.09.2019;53506;Rech;01.12.2020
300;customer_meinhart;FEMALE;06.04.1980;33739;Bielefeld;10.07.2019
301;customer_freimund;MALE;05.02.2003;72411;Bodelshausen;04.03.2021
302;customer_volkher;MALE;08.08.1942;17111;Sarow;02.05.2019
303;customer_ilsefriede;FEMALE;12.09.2007;88361;Boms;11.03.2020
304;customer_hadumod;FEMALE;25.06.2010;86637;Wertingen;14.02.2019
305;customer_kathrin;FEMALE;30.10.2011;84168;Aham;20.01.2019
306;customer_dinah;FEMALE;05.04.2007;67744;Löllbach;20.01.2019
307;customer_holmer;MALE;29.12.1978;25926;Karlum;04.01.2019
308;customer_hubertina;FEMALE;15.07.1936;49196;Bad Laer;02.02.2019
309;customer_valerie;FEMALE;19.11.2013;24975;Hürup;22.12.2019
310;customer_annabell;FEMALE;22.12.1917;67728;Münchweiler an der Alsenz;07.12.2019
311;customer_leopold;MALE;30.03.1968;84168;Aham;11.03.2020
312;customer_irmgardt;FEMALE;06.01.1971;49681;Garrel;02.06.2020
313;customer_steffi;FEMALE;03.04.2007;55471;Reich;02.01.2020
314;customer_fridolin;MALE;26.06.1915;55469;Rayerschied;05.03.2019
315;customer_alf;MALE;14.04.1942;67744;Löllbach;20.03.2019
316;customer_meik;MALE;15.03.1912;25764;Hillgroven;10.01.2021
317;customer_maya;FEMALE;21.07.1908;38462;Grafhorst;06.06.2021
318;customer_hildegund;FEMALE;05.07.1928;72294;Grömbach;27.05.2019
319;customer_frieda;FEMALE;24.05.2000;55469;Rayerschied;21.07.2019
320;customer_rilana;FEMALE;09.10.1907;72411;Bodelshausen;30.01.2020
321;customer_hannelene;FEMALE;06.06.1918;49832;Freren;24.01.2020
322;customer_edelbert;MALE;14.11.1920;21521;Wohltorf;22.02.2019
323;customer_clementine;FEMALE;25.11.1954;49832;Freren;10.09.2020
324;customer_volkher;MALE;16.07.2004;25764;Hillgroven;24.03.2019
325;customer_riccardo;MALE;25.03.1952;49681;Garrel;29.03.2021
326;customer_irmentraud;FEMALE;25.06.1946;80539;München;23.04.2021
327;customer_aloys;MALE;17.05.1998;50735;Köln;12.04.2019
328;customer_freimund;FEMALE;14.08.1927;50735;Köln;07.07.2019
329;customer_enno;MALE;27.01.1958;24626;Groß Kummerfeld;31.05.2020
330;customer_ewalda;FEMALE;17.09.1934;84367;Zeilarn;27.01.2020
331;customer_siegmar;MALE;25.08.1977;84168;Aham;27.04.2019
332;customer_gertwin;MALE;22.02.1991;24975;Hürup;08.04.2019
333;customer_adolfine;FEMALE;17.03.1984;45476;Mülheim an der Ruhr;17.12.2019
334;customer_karlheiner;MALE;23.10.2017;21406;Barnstedt;18.07.2020
335;customer_sabrina;FEMALE;05.03.1907;54578;Berndorf;16.08.2019
336;customer_gordian;MALE;20.06.1999;45476;Mülheim an der Ruhr;27.02.2019
337;customer_medardus;MALE;15.07.1977;38462;Grafhorst;18.09.2019
338;customer_katy;FEMALE;31.01.1907;38440;Wolfsburg;23.03.2020
339;customer_ehrentrudis;FEMALE;06.09.1964;34266;Niestetal;07.03.2019
340;customer_hermfried;MALE;26.04.1938;17111;Sarow;13.01.2019
341;customer_juliane;FEMALE;22.03.1935;53506;Rech;29.01.2021
342;customer_constantin;MALE;01.01.1958;88361;Boms;18.09.2020
343;customer_wilfrid;MALE;23.08.1983;17111;Sarow;15.03.2019
344;customer_michael;MALE;12.02.1946;86637;Wertingen;04.04.2019
345;customer_stefanie;FEMALE;18.01.1922;50735;Köln;20.09.2019
346;customer_brunhildis;FEMALE;27.01.1931;54578;Berndorf;26.12.2019
347;customer_gieselind;FEMALE;18.06.1986;50735;Köln;16.03.2020
348;customer_tomas;MALE;12.08.1911;24211;Pohnsdorf;05.08.2019
349;customer_annabelle;FEMALE;18.05.2007;21521;Wohltorf;04.10.2019
350;customer_ivette;FEMALE;12.09.1924;33739;Bielefeld;12.12.2019
351;customer_niklas;MALE;29.12.1962;24211;Preetz;02.04.2019
352;customer_valentine;FEMALE;28.06.1937;25764;Hillgroven;13.04.2019
353;customer_engelhard;MALE;23.02.1993;97258;Oberickelsheim;18.06.2020
354;customer_fabiane;FEMALE;16.02.1943;85622;Feldkirchen;13.01.2019
355;customer_conrad;MALE;12.10.1934;50735;Köln;10.03.2020
356;customer_ingmar;MALE;24.03.1955;13158;Rosenthal;08.05.2020
357;customer_paulfried;MALE;02.07.1989;38462;Grafhorst;14.10.2020
358;customer_gotthilf;MALE;15.04.1938;72411;Bodelshausen;06.07.2020
359;customer_sergius;MALE;21.05.1959;84168;Aham;03.11.2019
360;customer_mania;FEMALE;30.06.1940;38462;Grafhorst;28.09.2019
361;customer_jamie;FEMALE;17.07.1935;55469;Rayerschied;15.05.2019
362;customer_eckhold;MALE;19.06.2009;54578;Berndorf;15.07.2020
363;customer_roselette;FEMALE;19.06.1902;67586;Hillesheim;04.03.2020
364;customer_trudbert;MALE;11.01.2011;55471;Reich;26.09.2019
365;customer_edelmut;MALE;21.06.1943;67744;Löllbach;22.05.2019
366;customer_anselm;MALE;01.12.1923;99428;Weimar;04.07.2020
367;customer_laurens;MALE;23.05.2011;67728;Münchweiler an der Alsenz;03.10.2019
368;customer_kornelia;FEMALE;08.10.1905;38462;Grafhorst;08.05.2021
369;customer_matteo;MALE;26.05.1908;24211;Preetz;19.08.2019
370;customer_katherina;FEMALE;30.07.1979;67744;Löllbach;12.09.2019
371;customer_willehad;FEMALE;17.08.2017;24626;Groß Kummerfeld;19.04.2019
372;customer_adalbert;MALE;03.01.1981;17111;Sarow;26.02.2019
373;customer_rosegret;FEMALE;12.05.2006;24626;Groß Kummerfeld;17.09.2019
374;customer_erltrud;FEMALE;19.07.2018;38440;Wolfsburg;31.07.2019
375;customer_jonah;MALE;11.06.1994;84168;Aham;03.01.2021
376;customer_stefan;MALE;23.02.2011;49681;Garrel;29.01.2019
377;customer_karlfrieder;MALE;21.02.2015;67586;Hillesheim;10.06.2020
378;customer_joelle;FEMALE;31.03.1918;24211;Pohnsdorf;25.06.2020
379;customer_alisa;FEMALE;22.08.1961;72411;Bodelshausen;14.01.2019
380;customer_arnd;MALE;22.11.1986;49681;Garrel;11.06.2021
381;customer_curt;MALE;30.12.1905;72294;Grömbach;14.05.2019
382;customer_kristof;MALE;24.07.1951;55469;Rayerschied;11.04.2019
383;customer_margunde;FEMALE;30.07.1994;99428;Weimar;17.02.2019
384;customer_marlen;FEMALE;15.04.1978;54636;Ehlenz;12.01.2019
385;customer_leonharda;FEMALE;31.01.1923;21521;Wohltorf;09.07.2019
386;customer_ehrenreich;MALE;16.11.1968;21406;Barnstedt;09.03.2019
387;customer_evalinde;FEMALE;11.12.2001;34266;Niestetal;05.03.2019
388;customer_cordelia;FEMALE;29.12.1910;24211;Pohnsdorf;15.03.2020
389;customer_witmar;MALE;06.02.1957;25792;Neuenkirchen;21.01.2019
390;customer_serafine;FEMALE;09.06.1993;72294;Grömbach;19.03.2019
391;customer_gundela;FEMALE;29.10.1919;38440;Wolfsburg;31.05.2020
392;customer_rupert;MALE;20.11.2000;88361;Boms;16.01.2019
393;customer_hildegardt;FEMALE;05.04.1926;25764;Hillgroven;01.01.2020
394;customer_marah;FEMALE;17.08.1916;25764;Hillgroven;03.06.2019
395;customer_brandolf;FEMALE;24.03.1983;24211;Pohnsdorf;30.05.2019
396;customer_jolantha;FEMALE;30.07.1956;25764;Hillgroven;08.08.2019
397;customer_mariegret;FEMALE;02.11.1967;24626;Groß Kummerfeld;10.04.2019
398;customer_rafael;MALE;15.08.1990;67586;Hillesheim;18.05.2021
399;customer_irmtraud;FEMALE;22.06.1944;72294;Grömbach;24.03.2019
400;customer_barthold;MALE;09.02.1910;49681;Garrel;20.06.2019
401;customer_arwid;MALE;21.11.2020;33739;Bielefeld;11.02.2019
402;customer_karli;MALE;16.04.1954;24626;Groß Kummerfeld;26.02.2019
403;customer_reintraud;FEMALE;22.01.1945;21521;Wohltorf;08.11.2019
404;customer_dominic;MALE;12.09.1969;49681;Garrel;11.10.2019
405;customer_friedmut;MALE;19.06.1911;25764;Hillgroven;23.05.2021
406;customer_edgar;FEMALE;14.09.1952;17111;Sarow;05.03.2019
407;customer_kaya;FEMALE;15.05.1916;67728;Münchweiler an der Alsenz;11.04.2019
408;customer_dietger;MALE;16.06.1973;49196;Bad Laer;20.01.2020
409;customer_irmelinde;FEMALE;18.03.1952;38440;Wolfsburg;05.08.2019
410;customer_merten;MALE;09.11.1933;67744;Löllbach;20.07.2019
411;customer_steff;MALE;06.10.1963;24626;Groß Kummerfeld;16.05.2020
412;customer_jolanda;FEMALE;10.10.1960;86637;Wertingen;31.03.2019
413;customer_wunibald;MALE;20.11.1956;49681;Garrel;20.02.2019
414;customer_gottfried;MALE;24.12.1924;84367;Zeilarn;20.01.2020
415;customer_alheide;FEMALE;03.09.1913;55471;Reich;23.03.2019
416;customer_adrian;MALE;17.11.1938;38462;Grafhorst;16.05.2019
417;customer_sebald;MALE;26.05.1961;86637;Wertingen;05.02.2021
418;customer_tino;MALE;18.10.1979;54636;Ehlenz;03.07.2020
419;customer_marina;FEMALE;04.03.1934;72411;Bodelshausen;13.06.2019
420;customer_trude;FEMALE;21.03.1977;55469;Rayerschied;08.11.2019
421;customer_irene;FEMALE;29.06.2010;17111;Sarow;14.12.2019
422;customer_roseline;FEMALE;25.12.1921;38462;Grafhorst;24.11.2019
423;customer_mareile;FEMALE;21.08.2003;54636;Ehlenz;10.05.2019
424;customer_diether;MALE;21.03.2014;86692;Münster;02.06.2019
425;customer_thea;FEMALE;08.11.1927;25926;Karlum;16.02.2020
426;customer_norbert;MALE;30.10.1981;24211;Pohnsdorf;24.08.2019
427;customer_ruppert;FEMALE;23.01.1967;72411;Bodelshausen;07.02.2020
428;customer_arnulf;MALE;25.05.1904;85622;Feldkirchen;24.01.2019
429;customer_felicitas;FEMALE;22.02.1972;49832;Freren;30.01.2019
430;customer_herrmann;MALE;02.02.2009;25926;Karlum;04.03.2019
431;customer_emilia;FEMALE;03.07.1946;67586;Hillesheim;15.01.2020
432;customer_reinold;MALE;06.02.1914;38462;Grafhorst;02.02.2019
433;customer_beatrice;FEMALE;23.09.1919;49832;Freren;22.04.2019
434;customer_trautlind;FEMALE;07.05.1950;49832;Freren;02.01.2019
435;customer_frohmund;MALE;07.06.1928;24211;Pohnsdorf;09.03.2019
436;customer_dorith;FEMALE;18.09.2000;54636;Ehlenz;13.10.2019
437;customer_markus;MALE;27.06.1920;55469;Rayerschied;07.01.2021
438;customer_steffan;MALE;05.08.1919;24211;Pohnsdorf;27.02.2020
439;customer_heimtraud;FEMALE;06.10.1952;38462;Grafhorst;10.07.2019
440;customer_helmbrecht;MALE;08.12.1930;84367;Zeilarn;04.08.2020
441;customer_hansjoachim;MALE;20.03.1931;21521;Wohltorf;27.10.2019
442;customer_loreliese;FEMALE;23.02.1998;49681;Garrel;04.07.2019
443;customer_greta;FEMALE;31.08.1988;38440;Wolfsburg;29.11.2019
444;customer_waldfriede;FEMALE;14.05.1906;50735;Köln;01.04.2019
445;customer_otheinrich;MALE;03.08.1999;25926;Karlum;22.08.2019
446;customer_emmeran;FEMALE;06.11.1939;49196;Bad Laer;30.07.2019
447;customer_joelle;FEMALE;12.10.2020;21406;Barnstedt;08.04.2020
448;customer_rosehilde;FEMALE;24.12.2019;45476;Mülheim an der Ruhr;22.11.2019
449;customer_bärbele;FEMALE;22.11.1931;13158;Rosenthal;18.02.2019
450;customer_elke;FEMALE;27.01.2000;17111;Sarow;27.10.2019
451;customer_rasmus;MALE;16.01.1955;38462;Grafhorst;16.01.2019
452;customer_liselore;FEMALE;18.06.1929;24975;Hürup;08.06.2019
453;customer_grimbert;MALE;31.05.1912;34266;Niestetal;28.01.2019
454;customer_caspar;MALE;19.02.1904;84367;Zeilarn;26.04.2021
455;customer_josefine;FEMALE;04.11.1932;54578;Berndorf;26.04.2020
456;customer_denny;MALE;26.10.1989;24626;Groß Kummerfeld;02.05.2021
457;customer_keno;MALE;18.06.1920;49681;Garrel;20.12.2019
458;customer_gottwald;MALE;26.03.2011;86692;Münster;25.08.2020
459;customer_frohlinde;FEMALE;25.09.1969;25764;Hillgroven;20.01.2020
460;customer_friedbald;MALE;14.02.1966;24626;Groß Kummerfeld;01.01.2019
461;customer_sidonie;FEMALE;25.04.2015;55471;Reich;27.01.2019
462;customer_patrick;MALE;13.06.1951;38462;Grafhorst;19.05.2019
463;customer_helmine;FEMALE;06.10.1996;84367;Zeilarn;06.05.2020
464;customer_hieronimus;MALE;07.05.1946;34266;Niestetal;14.02.2020
465;customer_resel;FEMALE;27.07.1985;53506;Rech;08.04.2019
466;customer_wolfdieter;MALE;27.02.2011;38462;Grafhorst;17.02.2019
467;customer_janette;FEMALE;04.06.1978;25926;Karlum;06.11.2019
468;customer_uta;FEMALE;02.09.1911;97258;Oberickelsheim;29.07.2019
469;customer_rigo;MALE;08.04.1916;67586;Hillesheim;08.01.2019
470;customer_thorsten;MALE;01.05.1909;67728;Münchweiler an der Alsenz;04.01.2019
471;customer_leon;MALE;03.08.1988;25926;Karlum;19.01.2019
472;customer_margreth;FEMALE;16.01.2010;67586;Hillesheim;09.04.2020
473;customer_jörgfried;MALE;02.02.1906;84168;Aham;15.07.2019
474;customer_bertram;MALE;14.06.2017;84168;Aham;30.08.2019
475;customer_eileen;FEMALE;17.10.2011;24211;Preetz;07.07.2019
476;customer_frithjof;MALE;08.05.1914;45476;Mülheim an der Ruhr;27.08.2019
477;customer_urban;MALE;19.08.1931;84168;Aham;10.06.2019
478;customer_christoph;MALE;06.10.2000;24211;Preetz;27.09.2019
479;customer_curd;FEMALE;09.07.1941;25926;Karlum;11.04.2019
480;customer_natascha;FEMALE;21.06.1977;72411;Bodelshausen;16.08.2019
481;customer_leoni;FEMALE;12.05.1905;25764;Hillgroven;04.10.2019
482;customer_constanze;FEMALE;15.01.1962;25764;Hillgroven;01.12.2019
483;customer_sonnhilde;FEMALE;10.12.1958;21521;Wohltorf;11.04.2019
484;customer_resi;FEMALE;07.02.2007;67744;Löllbach;21.05.2019
485;customer_otmar;MALE;13.03.1960;13158;Rosenthal;06.06.2019
486;customer_hendrik;MALE;23.03.1927;17111;Sarow;14.11.2019
487;customer_rhiane;FEMALE;14.09.1915;49681;Garrel;23.04.2020
488;customer_marilene;FEMALE;08.04.1959;67728;Münchweiler an der Alsenz;10.04.2019
489;customer_donat;MALE;27.01.1959;25764;Hillgroven;15.09.2020
490;customer_amrei;FEMALE;04.12.1993;21406;Barnstedt;21.05.2019
491;customer_mert;MALE;27.11.1985;13158;Rosenthal;22.01.2019
492;customer_treuhard;MALE;30.12.1971;38440;Wolfsburg;07.01.2020
493;customer_roselene;FEMALE;23.10.1937;50735;Köln;11.04.2019
494;customer_vitalis;MALE;03.04.1940;67586;Hillesheim;22.12.2019
495;customer_wilma;FEMALE;10.12.1989;24626;Groß Kummerfeld;05.01.2019
496;customer_arnulf;MALE;10.01.1978;67728;Münchweiler an der Alsenz;11.10.2019
497;customer_ewald;MALE;19.07.1980;13158;Rosenthal;30.06.2019
498;customer_arwid;MALE;31.01.1971;84168;Aham;19.07.2019
499;customer_anneli;FEMALE;05.07.1952;86637;Wertingen;07.06.2019
500;customer_arwed;MALE;11.07.1915;97258;Oberickelsheim;12.01.2019
501;customer_barbli;FEMALE;31.05.1989;17111;Sarow;07.04.2020
502;customer_käthchen;FEMALE;13.12.1981;85622;Feldkirchen;21.07.2019
503;customer_evchen;FEMALE;21.07.1926;54578;Berndorf;30.11.2020
504;customer_helmuth;MALE;03.08.1963;53506;Rech;20.02.2020
505;customer_bernhardt;MALE;13.07.1970;24626;Groß Kummerfeld;03.05.2019
506;customer_warnfried;MALE;20.01.1954;21406;Barnstedt;14.02.2019
507;customer_sieghardt;MALE;15.10.2003;72294;Grömbach;02.10.2020
508;customer_sabinchen;FEMALE;12.09.1945;13158;Rosenthal;05.08.2019
509;customer_marika;FEMALE;06.02.1942;38462;Grafhorst;06.06.2020
510;customer_rotger;MALE;14.02.2003;49196;Bad Laer;29.04.2019
511;customer_beatrice;FEMALE;05.09.2003;34266;Niestetal;27.01.2019
512;customer_annelore;FEMALE;26.06.2012;24975;Hürup;15.04.2019
513;customer_timm;MALE;07.11.1906;67586;Hillesheim;16.01.2019
514;customer_barbi;FEMALE;10.03.1977;25926;Karlum;24.01.2020
515;customer_philipine;FEMALE;02.11.1998;24975;Hürup;05.01.2019
516;customer_lilli;FEMALE;31.03.1931;67744;Löllbach;22.02.2020
517;customer_seibold;MALE;23.10.1913;67586;Hillesheim;12.06.2019
518;customer_martha;FEMALE;15.02.1936;45476;Mülheim an der Ruhr;07.02.2019
519;customer_ricardo;MALE;03.10.1936;24626;Groß Kummerfeld;06.05.2019
520;customer_carlheinz;MALE;07.09.1980;24626;Groß Kummerfeld;27.07.2019
521;customer_ruben;MALE;07.04.1953;49196;Bad Laer;24.07.2020
522;customer_cindy;FEMALE;18.12.1954;80539;München;15.12.2020
523;customer_jens;MALE;16.02.1985;67728;Münchweiler an der Alsenz;10.03.2020
524;customer_sepp;MALE;12.12.1983;17111;Sarow;30.09.2019
525;customer_margaretha;FEMALE;14.11.2015;67586;Hillesheim;31.12.2020
526;customer_bertin;MALE;08.03.1937;49196;Bad Laer;02.04.2019
527;customer_almut;FEMALE;23.06.2003;84168;Aham;01.01.2019
528;customer_dietwald;MALE;24.09.2010;24211;Pohnsdorf;26.04.2019
529;customer_lerke;FEMALE;11.08.1949;82031;Grünwald;20.12.2019
530;customer_hannah;FEMALE;05.09.2014;38462;Grafhorst;09.03.2020
531;customer_erdmute;FEMALE;09.06.1920;24211;Preetz;20.04.2019
532;customer_uwe;MALE;21.04.1940;88361;Boms;17.08.2019
533;customer_cuno;MALE;22.09.1902;24211;Pohnsdorf;04.08.2019
534;customer_ulf;FEMALE;31.05.1989;17111;Sarow;15.11.2019
535;customer_volkart;MALE;07.11.1920;97258;Oberickelsheim;27.10.2019
536;customer_hansgerd;MALE;09.10.1914;13158;Rosenthal;25.04.2019
537;customer_wladislaus;MALE;18.11.1926;38440;Wolfsburg;30.06.2019
538;customer_egmont;MALE;03.05.1958;21521;Wohltorf;14.03.2020
539;customer_angelina;FEMALE;15.12.1909;24975;Hürup;18.10.2019
540;customer_hildemarie;FEMALE;04.05.1904;54636;Ehlenz;29.05.2019
541;customer_dagomar;MALE;04.12.1920;54636;Ehlenz;17.06.2019
542;customer_gunda;FEMALE;08.01.1961;24975;Hürup;23.04.2020
543;customer_theohold;MALE;20.10.2005;49832;Freren;10.05.2021
544;customer_jolanta;FEMALE;14.01.2008;25926;Karlum;30.01.2019
545;customer_verona;FEMALE;20.11.1970;84168;Aham;18.05.2019
546;customer_inka;FEMALE;16.04.1951;34266;Niestetal;21.07.2019
547;customer_wolfeckart;MALE;05.08.1913;84168;Aham;03.01.2020
548;customer_leona;FEMALE;29.09.1911;54636;Ehlenz;18.10.2019
549;customer_wolfram;MALE;18.08.1981;53506;Rech;14.10.2019
550;customer_selin;FEMALE;28.07.1953;84168;Aham;15.07.2019
551;customer_julien;MALE;21.12.1923;67586;Hillesheim;07.03.2019
552;customer_frederik;MALE;02.06.1970;74243;Langenbrettach;16.02.2019
553;customer_helm;MALE;07.10.1937;24211;Pohnsdorf;31.10.2019
554;customer_lorelies;FEMALE;14.02.2001;49681;Garrel;30.01.2019
555;customer_dietwulf;MALE;05.06.1918;45476;Mülheim an der Ruhr;16.02.2019
556;customer_hanswerner;MALE;01.01.1920;38462;Grafhorst;10.07.2019
557;customer_winrich;MALE;04.10.1963;38462;Grafhorst;24.02.2019
558;customer_magdalene;FEMALE;15.05.2018;54636;Ehlenz;02.05.2019
559;customer_volkher;MALE;13.04.1989;54636;Ehlenz;11.11.2019
560;customer_fridulf;MALE;17.01.1977;67586;Hillesheim;09.02.2019
561;customer_ingeburg;FEMALE;15.06.1904;49196;Bad Laer;01.04.2019
562;customer_hellmut;MALE;06.04.1980;13158;Rosenthal;14.05.2019
563;customer_burckhard;MALE;30.08.1964;54636;Ehlenz;21.09.2019
564;customer_annelen;FEMALE;29.08.2018;33739;Bielefeld;04.11.2019
565;customer_sylvelin;FEMALE;16.06.2004;53506;Rech;21.12.2020
566;customer_irmgarda;FEMALE;28.02.1905;17111;Sarow;15.03.2019
567;customer_degenhardt;MALE;10.11.2005;25764;Hillgroven;22.02.2019
568;customer_rosmarie;FEMALE;15.10.1920;54636;Ehlenz;01.01.2019
569;customer_irmgard;FEMALE;20.04.1964;21406;Barnstedt;23.03.2019
570;customer_reni;FEMALE;01.06.1923;84168;Aham;23.08.2019
571;customer_aylin;FEMALE;29.06.1922;17111;Sarow;28.02.2019
572;customer_ottmar;MALE;13.07.1943;50735;Köln;02.02.2019
573;customer_freimuth;MALE;17.01.1985;82031;Grünwald;08.12.2019
574;customer_nick;MALE;16.07.1971;88361;Boms;21.08.2019
575;customer_thorsten;MALE;07.11.1986;13158;Rosenthal;01.10.2020
576;customer_liam;MALE;04.07.1962;49681;Garrel;19.09.2019
577;customer_almut;FEMALE;02.07.1932;25792;Neuenkirchen;13.11.2020
578;customer_holk;MALE;03.06.1970;72294;Grömbach;05.04.2019
579;customer_karin;FEMALE;30.12.1970;84168;Aham;31.08.2019
580;customer_wilbrandt;MALE;06.06.2013;54636;Ehlenz;20.11.2019
581;customer_tassilo;MALE;05.06.1952;24211;Pohnsdorf;01.05.2019
582;customer_emanuel;MALE;21.04.1912;99428;Weimar;05.02.2020
583;customer_paula;FEMALE;07.01.2001;72411;Bodelshausen;22.12.2020
584;customer_traudl;FEMALE;08.06.1915;49681;Garrel;09.03.2019
585;customer_loremarie;FEMALE;05.02.2016;24626;Groß Kummerfeld;01.07.2019
586;customer_almute;FEMALE;15.09.2006;21406;Barnstedt;07.06.2019
587;customer_caja;FEMALE;27.02.2010;72294;Grömbach;04.01.2019
588;customer_wedig;MALE;17.02.1984;54636;Ehlenz;13.02.2019
589;customer_marbod;MALE;14.07.1947;84367;Zeilarn;05.10.2019
590;customer_sabrina;FEMALE;08.06.2004;45476;Mülheim an der Ruhr;19.04.2019
591;customer_hilgrun;FEMALE;16.03.1920;88361;Boms;06.09.2019
592;customer_antje;FEMALE;17.07.1950;84168;Aham;14.03.2019
593;customer_ingelinde;FEMALE;27.10.1921;84168;Aham;10.03.2019
594;customer_margaritta;FEMALE;15.08.1992;38462;Grafhorst;16.05.2019
595;customer_bernfried;MALE;08.05.1919;13158;Rosenthal;04.02.2019
596;customer_philipp;MALE;23.12.1928;54636;Ehlenz;21.03.2019
597;customer_berno;MALE;16.04.1990;21406;Barnstedt;04.11.2019
598;customer_lore;FEMALE;08.04.1950;24975;Hürup;02.01.2019
599;customer_godo;MALE;28.05.2010;88361;Boms;01.03.2019
600;customer_heimhart;MALE;14.02.2004;17111;Sarow;05.08.2019
601;customer_leonie;FEMALE;29.04.1952;49681;Garrel;14.11.2019
602;customer_heimbert;MALE;02.12.1977;49832;Freren;14.04.2019
603;customer_ferdinand;FEMALE;15.05.2011;24211;Pohnsdorf;01.08.2020
604;customer_englbert;MALE;03.03.1928;85622;Feldkirchen;10.02.2019
605;customer_franz;MALE;23.06.1961;17111;Sarow;21.01.2019
606;customer_augustin;MALE;24.02.1925;67728;Münchweiler an der Alsenz;16.05.2021
607;customer_madeleine;FEMALE;11.09.1955;25926;Karlum;22.02.2019
608;customer_tomas;MALE;06.08.1931;55469;Rayerschied;12.03.2019
609;customer_hiltrun;FEMALE;01.01.1918;33739;Bielefeld;02.04.2020
610;customer_erfried;MALE;02.02.1940;67728;Münchweiler an der Alsenz;03.03.2019
611;customer_kriemhild;FEMALE;01.03.1937;25926;Karlum;29.06.2019
612;customer_ferfried;MALE;25.05.1940;49681;Garrel;15.04.2021
613;customer_andree;MALE;01.05.1936;72294;Grömbach;27.12.2019
614;customer_einhard;MALE;16.09.2019;24626;Groß Kummerfeld;28.09.2019
615;customer_eckhart;MALE;29.12.1979;25764;Hillgroven;05.07.2019
616;customer_rouven;MALE;03.02.1938;67744;Löllbach;09.03.2020
617;customer_gabriel;FEMALE;15.02.2011;49832;Freren;24.10.2020
618;customer_wernhard;FEMALE;03.10.1937;54636;Ehlenz;31.08.2020
619;customer_tilmann;MALE;07.04.1938;45476;Mülheim an der Ruhr;04.05.2019
620;customer_karlfried;MALE;07.02.1963;49681;Garrel;22.01.2019
621;customer_ulfried;MALE;12.03.1951;38462;Grafhorst;29.09.2019
622;customer_jeanette;FEMALE;18.02.1964;49681;Garrel;21.07.2020
623;customer_laurin;MALE;21.09.1985;50735;Köln;01.02.2021
624;customer_odilo;MALE;22.11.1946;67586;Hillesheim;11.03.2019
625;customer_jacob;MALE;11.02.1960;45476;Mülheim an der Ruhr;29.06.2020
626;customer_volkhardt;MALE;30.08.1991;49196;Bad Laer;21.03.2019
627;customer_florenz;MALE;23.05.2020;49832;Freren;26.12.2019
628;customer_donat;MALE;01.12.1948;13158;Rosenthal;05.12.2019
629;customer_guntram;MALE;27.03.1958;67744;Löllbach;20.09.2020
630;customer_mirjam;FEMALE;26.12.1994;34266;Niestetal;01.08.2019
631;customer_freiwald;FEMALE;05.06.1902;97258;Oberickelsheim;08.02.2019
632;customer_gerhild;FEMALE;13.10.2008;49681;Garrel;24.01.2019
633;customer_hildelies;FEMALE;02.01.1989;17111;Sarow;06.07.2020
634;customer_nepomuk;MALE;16.08.1935;67586;Hillesheim;21.01.2019
635;customer_wiethold;FEMALE;21.12.1924;67728;Münchweiler an der Alsenz;23.01.2019
636;customer_bernadine;FEMALE;20.06.1995;24626;Groß Kummerfeld;04.05.2019
637;customer_raimunde;FEMALE;08.12.1946;49832;Freren;28.11.2019
638;customer_lia;FEMALE;21.12.1963;84168;Aham;24.05.2019
639;customer_mayk;MALE;14.01.1912;24211;Preetz;25.05.2019
640;customer_käthi;FEMALE;11.04.1973;24211;Pohnsdorf;12.07.2020
641;customer_lene;FEMALE;09.07.1973;54578;Berndorf;11.01.2019
642;customer_bertina;FEMALE;31.01.1945;24975;Hürup;19.06.2019
643;customer_sabrina;FEMALE;05.11.1938;88361;Boms;22.04.2020
644;customer_friedegund;FEMALE;29.09.1940;50735;Köln;09.04.2019
645;customer_barnabas;MALE;27.10.1949;45476;Mülheim an der Ruhr;07.01.2019
646;customer_marfriede;FEMALE;09.04.2009;97258;Oberickelsheim;11.01.2019
647;customer_marzellus;FEMALE;21.06.1944;24211;Pohnsdorf;01.01.2020
648;customer_volker;MALE;20.09.1981;84367;Zeilarn;11.04.2019
649;customer_karola;FEMALE;09.04.1935;67586;Hillesheim;30.03.2019
650;customer_liv;FEMALE;24.01.1974;21521;Wohltorf;03.02.2019
651;customer_hilmar;MALE;14.11.1962;54636;Ehlenz;06.04.2020
652;customer_wladislaus;MALE;31.07.1930;24975;Hürup;12.03.2019
653;customer_heimar;MALE;20.07.1941;24211;Pohnsdorf;18.07.2019
654;customer_richard;MALE;19.04.1941;67744;Löllbach;29.01.2020
655;customer_heide;FEMALE;29.10.1931;24211;Pohnsdorf;28.02.2019
656;customer_engelhard;MALE;09.05.1987;24598;Heidmühlen;17.05.2020
657;customer_hagen;MALE;15.01.2003;34266;Niestetal;04.01.2019
658;customer_klementine;FEMALE;28.12.1989;13158;Rosenthal;12.06.2019
659;customer_herwiga;FEMALE;14.11.1903;97258;Oberickelsheim;31.07.2019
660;customer_irmengild;FEMALE;20.02.1987;54578;Berndorf;24.08.2019
661;customer_anneli;FEMALE;04.06.2007;49681;Garrel;25.02.2019
662;customer_dietburg;FEMALE;27.12.1910;24211;Pohnsdorf;26.01.2021
663;customer_achaz;MALE;23.05.2012;86637;Wertingen;08.01.2019
664;customer_brita;FEMALE;14.02.1938;84168;Aham;17.01.2019
665;customer_clotilde;FEMALE;20.10.2001;54578;Berndorf;01.01.2019
666;customer_dörte;FEMALE;16.07.1906;24626;Groß Kummerfeld;13.10.2020
667;customer_leonore;FEMALE;14.03.1909;84168;Aham;14.07.2019
668;customer_engelhard;MALE;08.08.1910;67744;Löllbach;03.01.2021
669;customer_aloys;MALE;04.07.1945;21521;Wohltorf;26.05.2019
670;customer_erlwine;FEMALE;16.07.1998;67744;Löllbach;20.06.2020
671;customer_antonio;MALE;15.06.2002;55471;Reich;14.11.2019
672;customer_urban;MALE;18.01.1920;25926;Karlum;18.04.2019
673;customer_burga;FEMALE;09.04.1971;72294;Grömbach;20.10.2019
674;customer_friedbert;MALE;26.09.1997;34266;Niestetal;13.12.2019
675;customer_ingo;MALE;01.02.2006;25926;Karlum;09.07.2019
676;customer_bernhild;FEMALE;27.02.1995;82031;Grünwald;19.04.2019
677;customer_jonny;MALE;05.03.1986;25764;Hillgroven;29.10.2019
678;customer_richardis;FEMALE;23.03.1998;54636;Ehlenz;22.01.2020
679;customer_waldtraud;FEMALE;28.01.1985;24975;Hürup;27.03.2019
680;customer_zenta;FEMALE;11.11.2007;67728;Münchweiler an der Alsenz;17.04.2019
681;customer_irene;FEMALE;05.03.2015;86637;Wertingen;24.05.2021
682;customer_andré;MALE;26.04.1973;21406;Barnstedt;06.10.2019
683;customer_merten;FEMALE;26.02.1940;67586;Hillesheim;08.02.2019
684;customer_angelika;FEMALE;13.09.2000;24626;Groß Kummerfeld;26.02.2019
685;customer_german;MALE;02.01.1958;17111;Sarow;27.10.2019
686;customer_balthasar;MALE;05.11.1959;53506;Rech;07.04.2019
687;customer_ottwin;MALE;13.08.1924;84367;Zeilarn;16.02.2019
688;customer_hansludwig;MALE;13.01.2018;25764;Hillgroven;24.11.2019
689;customer_birte;FEMALE;06.07.1940;67586;Hillesheim;03.05.2019
690;customer_winand;MALE;10.04.1968;97258;Oberickelsheim;03.01.2020
691;customer_waltrude;FEMALE;17.01.1985;21521;Wohltorf;21.07.2019
692;customer_rosl;FEMALE;19.06.1913;82031;Grünwald;19.08.2019
693;customer_baldur;MALE;05.09.2014;17111;Sarow;11.09.2019
694;customer_gunthard;MALE;11.03.1987;24626;Groß Kummerfeld;17.01.2019
695;customer_irmlind;FEMALE;23.04.2018;13158;Rosenthal;06.06.2019
696;customer_gefion;FEMALE;01.08.1968;49681;Garrel;20.01.2019
697;customer_rosie;FEMALE;01.02.1982;21406;Barnstedt;20.12.2019
698;customer_arnim;MALE;28.08.1990;25926;Karlum;20.11.2019
699;customer_eveline;FEMALE;01.01.1998;82031;Grünwald;01.06.2019
700;customer_sylvia;FEMALE;02.09.1976;53506;Rech;11.04.2019
701;customer_neidhard;FEMALE;07.05.1949;84168;Aham;27.10.2019
702;customer_margret;FEMALE;09.06.1912;84168;Aham;15.05.2019
703;customer_witta;FEMALE;04.04.1981;25926;Karlum;30.08.2020
704;customer_berit;FEMALE;14.01.1948;49681;Garrel;01.07.2020
705;customer_rigobert;MALE;06.02.1970;84168;Aham;28.09.2019
706;customer_adrian;MALE;21.06.1986;53506;Rech;09.10.2019
707;customer_sieghard;MALE;26.03.1980;17111;Sarow;01.04.2019
708;customer_hansfried;MALE;13.03.1962;21521;Wohltorf;05.04.2019
709;customer_donat;MALE;23.01.1980;97258;Oberickelsheim;18.06.2019
710;customer_trauhard;MALE;02.04.2021;55469;Rayerschied;03.01.2019
711;customer_frithjof;MALE;13.04.1958;24975;Hürup;22.08.2019
712;customer_eugen;MALE;08.03.1914;54636;Ehlenz;20.01.2019
713;customer_walbert;MALE;18.06.2014;72294;Grömbach;20.02.2019
714;customer_maren;FEMALE;24.06.1956;72294;Grömbach;03.03.2020
715;customer_otthard;FEMALE;16.04.1946;17111;Sarow;30.01.2019
716;customer_godo;MALE;04.03.2004;67586;Hillesheim;07.02.2019
717;customer_griseldis;FEMALE;08.09.1952;38440;Wolfsburg;27.05.2019
718;customer_elizabeth;FEMALE;11.06.1902;74243;Langenbrettach;19.09.2019
719;customer_sahra;FEMALE;10.04.1994;84367;Zeilarn;06.03.2019
720;customer_annabel;FEMALE;12.09.1927;24626;Groß Kummerfeld;29.05.2019
721;customer_reginhardt;FEMALE;10.04.1928;54636;Ehlenz;04.07.2019
722;customer_wolfeckart;MALE;10.06.1913;53506;Rech;12.06.2019
723;customer_bjarne;MALE;22.07.1946;49832;Freren;23.04.2019
724;customer_antonio;MALE;13.03.1928;49681;Garrel;30.01.2019
725;customer_hildebert;MALE;25.09.2012;84367;Zeilarn;10.07.2020
726;customer_marianne;FEMALE;05.05.1946;80539;München;02.03.2019
727;customer_dorothee;FEMALE;16.10.2009;49832;Freren;18.03.2019
728;customer_mariella;FEMALE;26.04.1923;50735;Köln;17.02.2019
729;customer_steven;MALE;11.02.1945;24211;Pohnsdorf;21.05.2019
730;customer_hildebert;MALE;09.04.2001;25792;Neuenkirchen;27.05.2020
731;customer_trude;FEMALE;28.03.1957;97258;Oberickelsheim;23.06.2020
732;customer_bartholomäus;MALE;09.08.1991;24211;Pohnsdorf;20.07.2019
733;customer_diethild;FEMALE;08.12.1950;21521;Wohltorf;30.04.2020
734;customer_tilla;FEMALE;05.04.1985;38440;Wolfsburg;01.04.2020
735;customer_leander;MALE;30.06.1958;25764;Hillgroven;04.11.2019
736;customer_laurenz;MALE;09.10.1905;38462;Grafhorst;27.05.2019
737;customer_aleyna;FEMALE;04.02.1975;34266;Niestetal;16.11.2019
738;customer_withold;MALE;25.05.1987;49681;Garrel;23.10.2020
739;customer_irmo;MALE;13.11.1911;72294;Grömbach;31.08.2019
740;customer_karlgünter;MALE;23.11.1971;88361;Boms;19.02.2020
741;customer_gerwin;MALE;21.01.2011;49681;Garrel;22.08.2019
742;customer_simperta;FEMALE;05.06.1906;86637;Wertingen;25.01.2019
743;customer_betti;FEMALE;17.07.1940;84168;Aham;20.04.2019
744;customer_abraham;MALE;06.08.1931;67586;Hillesheim;09.09.2019
745;customer_paulina;FEMALE;11.06.1976;84367;Zeilarn;09.05.2019
746;customer_minna;FEMALE;06.04.2005;33739;Bielefeld;27.02.2019
747;customer_theo;MALE;02.02.1905;67728;Münchweiler an der Alsenz;29.03.2021
748;customer_agatha;FEMALE;17.05.1913;67586;Hillesheim;19.05.2019
749;customer_friderika;FEMALE;18.07.1951;67744;Löllbach;19.08.2019
750;customer_clara;FEMALE;16.02.1905;72411;Bodelshausen;19.05.2019
751;customer_uto;MALE;20.05.1982;50735;Köln;19.08.2019
752;customer_alois;MALE;21.01.2004;49832;Freren;20.04.2019
753;customer_nathanael;MALE;26.01.1931;25764;Hillgroven;04.04.2019
754;customer_neidhard;MALE;17.01.1904;80539;München;16.02.2019
755;customer_ludger;MALE;04.05.2008;49832;Freren;07.10.2020
756;customer_hermelinde;FEMALE;14.11.1948;38462;Grafhorst;30.11.2019
757;customer_kirsten;FEMALE;10.08.1916;38462;Grafhorst;10.01.2019
758;customer_waltrude;FEMALE;11.09.1911;88361;Boms;01.02.2020
759;customer_gundela;FEMALE;02.09.2003;24626;Groß Kummerfeld;13.02.2019
760;customer_wunibald;MALE;15.03.1902;53506;Rech;12.10.2019
761;customer_hansjörn;MALE;11.06.1936;72411;Bodelshausen;28.04.2020
762;customer_nortrud;FEMALE;19.05.2015;17111;Sarow;29.07.2019
763;customer_helgrid;FEMALE;03.07.1912;50735;Köln;31.01.2020
764;customer_karlfried;MALE;10.10.1915;72411;Bodelshausen;20.02.2019
765;customer_tabea;FEMALE;20.04.2015;72411;Bodelshausen;02.09.2019
766;customer_gotthart;MALE;28.02.1904;17111;Sarow;02.03.2019
767;customer_trautlind;FEMALE;05.07.2017;54636;Ehlenz;12.07.2019
768;customer_vroni;FEMALE;04.09.1937;53506;Rech;31.01.2019
769;customer_heinzpeter;MALE;29.05.1965;97258;Oberickelsheim;10.11.2019
770;customer_marietheres;FEMALE;01.09.1990;13158;Rosenthal;24.01.2019
771;customer_fridoline;FEMALE;13.01.1904;54636;Ehlenz;22.05.2020
772;customer_lennox;MALE;14.11.1903;24626;Groß Kummerfeld;06.03.2020
773;customer_vera;FEMALE;02.09.1905;53506;Rech;14.01.2019
774;customer_friedrun;FEMALE;08.12.1991;17111;Sarow;06.01.2020
775;customer_aloysia;FEMALE;25.01.2013;17111;Sarow;03.12.2019
776;customer_nic;MALE;15.05.1936;21406;Barnstedt;04.09.2019
777;customer_marena;FEMALE;31.12.1967;31555;Suthfeld;14.02.2019
778;customer_hanspeter;MALE;31.07.1918;67744;Löllbach;09.01.2019
779;customer_luna;FEMALE;24.06.1954;38440;Wolfsburg;09.01.2020
780;customer_elli;FEMALE;27.01.2009;84168;Aham;04.02.2019
781;customer_bernward;MALE;15.05.2012;25792;Neuenkirchen;04.01.2021
782;customer_volkwart;FEMALE;11.12.1905;67728;Münchweiler an der Alsenz;27.03.2019
783;customer_dagomar;MALE;18.11.1983;21406;Barnstedt;16.01.2019
784;customer_dimitri;MALE;15.02.1907;67586;Hillesheim;30.07.2020
785;customer_juliane;FEMALE;08.07.2014;67744;Löllbach;06.01.2019
786;customer_viktor;MALE;20.07.1938;67586;Hillesheim;04.01.2021
787;customer_helgomar;MALE;04.03.2021;24211;Preetz;26.04.2019
788;customer_bertina;FEMALE;10.11.1978;84168;Aham;12.11.2019
789;customer_dorlis;FEMALE;24.02.1939;24211;Pohnsdorf;11.11.2019
790;customer_kathrinchen;FEMALE;06.10.2008;25926;Karlum;23.11.2019
791;customer_donatus;MALE;18.03.1993;17111;Sarow;05.02.2021
792;customer_severin;MALE;31.07.1944;17111;Sarow;25.12.2019
793;customer_ali;MALE;27.10.1924;49681;Garrel;11.01.2019
794;customer_karlernst;FEMALE;18.02.2001;50735;Köln;12.02.2020
795;customer_edelwald;MALE;06.12.1957;97258;Oberickelsheim;21.01.2019
796;customer_freimut;MALE;11.07.1968;72411;Bodelshausen;06.05.2019
797;customer_dorith;FEMALE;07.03.1973;25926;Karlum;05.09.2019
798;customer_kunibert;MALE;20.08.1986;49681;Garrel;16.08.2019
799;customer_sylke;FEMALE;14.03.1965;84168;Aham;25.03.2021
800;customer_otthart;MALE;22.06.1961;25764;Hillgroven;09.02.2020
801;customer_raik;MALE;09.10.1977;24626;Groß Kummerfeld;14.01.2019
802;customer_claas;MALE;11.01.1976;21521;Wohltorf;10.02.2021
803;customer_hilda;FEMALE;15.05.1921;88361;Boms;12.12.2019
804;customer_ottobert;MALE;11.02.1909;55469;Rayerschied;31.01.2019
805;customer_wolfeckart;MALE;15.06.1974;21406;Barnstedt;10.07.2020
806;customer_edith;FEMALE;13.06.1984;88361;Boms;02.05.2019
807;customer_pascal;MALE;30.01.1914;53506;Rech;30.08.2020
808;customer_ricarda;FEMALE;25.09.1931;13158;Rosenthal;16.07.2019
809;customer_karlernst;MALE;19.03.1927;17111;Sarow;04.03.2019
810;customer_conner;MALE;05.04.1983;99428;Weimar;18.02.2019
811;customer_wendelgard;FEMALE;30.12.2006;38440;Wolfsburg;08.05.2019
812;customer_gottfrieda;FEMALE;10.08.1905;99428;Weimar;07.10.2019
813;customer_gernfried;MALE;10.10.1994;54636;Ehlenz;10.12.2019
814;customer_tobias;MALE;20.10.1976;13158;Rosenthal;09.11.2020
815;customer_herwiga;FEMALE;13.10.1963;21521;Wohltorf;22.02.2019
816;customer_michl;MALE;01.02.1985;49196;Bad Laer;09.12.2019
817;customer_bruno;MALE;13.03.1908;21406;Barnstedt;25.10.2020
818;customer_ortfried;MALE;21.09.2003;53506;Rech;16.11.2020
819;customer_rosalie;FEMALE;15.12.1948;17111;Sarow;27.03.2019
820;customer_imke;FEMALE;09.11.1969;54636;Ehlenz;22.12.2020
821;customer_rico;MALE;21.02.1916;55469;Rayerschied;10.05.2019
822;customer_giselbert;MALE;27.09.2003;24626;Groß Kummerfeld;15.07.2020
823;customer_friedhardt;FEMALE;22.09.1920;38440;Wolfsburg;02.07.2019
824;customer_boto;MALE;25.05.1969;17111;Sarow;02.12.2019
825;customer_roselette;FEMALE;25.05.1959;17111;Sarow;22.01.2019
826;customer_trautlind;FEMALE;07.03.1971;49832;Freren;22.07.2020
827;customer_catrin;FEMALE;27.05.1951;54578;Berndorf;01.10.2019
828;customer_florentin;MALE;15.03.1975;21521;Wohltorf;10.07.2019
829;customer_thurid;FEMALE;11.09.1905;88361;Boms;24.09.2019
830;customer_birkhild;FEMALE;08.07.1991;86692;Münster;18.06.2020
831;customer_dietmute;FEMALE;29.03.1967;97258;Oberickelsheim;28.04.2021
832;customer_justin;MALE;25.03.1983;67586;Hillesheim;15.07.2019
833;customer_lisa;FEMALE;05.05.1994;72411;Bodelshausen;19.07.2020
834;customer_vanessa;FEMALE;13.05.1964;38462;Grafhorst;18.01.2019
835;customer_meike;FEMALE;06.02.1999;24211;Pohnsdorf;05.03.2019
836;customer_kay;MALE;31.10.1942;55471;Reich;13.05.2019
837;customer_beat;MALE;04.03.1933;67586;Hillesheim;05.01.2019
838;customer_stephanus;MALE;06.09.2018;54636;Ehlenz;24.05.2020
839;customer_paulfried;MALE;06.05.1908;13158;Rosenthal;26.03.2019
840;customer_annelene;FEMALE;13.12.1945;84367;Zeilarn;10.10.2019
841;customer_einhard;MALE;24.08.2009;84367;Zeilarn;03.12.2020
842;customer_therese;FEMALE;09.09.1921;49681;Garrel;01.06.2019
843;customer_hildelind;FEMALE;16.06.1972;99428;Weimar;10.08.2019
844;customer_leopold;MALE;18.10.1968;72294;Grömbach;20.03.2019
845;customer_herlind;FEMALE;11.03.1916;67586;Hillesheim;13.05.2019
846;customer_ignatia;FEMALE;06.03.1949;53506;Rech;09.11.2019
847;customer_elsa;FEMALE;15.09.1956;21521;Wohltorf;31.12.2019
848;customer_cuno;FEMALE;26.12.1952;67586;Hillesheim;25.06.2019
849;customer_hieronimus;MALE;10.01.1916;34266;Niestetal;11.05.2020
850;customer_elli;FEMALE;23.07.2013;54636;Ehlenz;22.05.2019
851;customer_ferhard;MALE;05.09.1918;25764;Hillgroven;11.01.2020
852;customer_antonius;MALE;13.12.1909;49832;Freren;31.01.2019
853;customer_madeleine;FEMALE;04.07.1947;88361;Boms;11.03.2019
854;customer_engelbert;MALE;16.12.2014;17111;Sarow;04.12.2019
855;customer_mirja;FEMALE;04.04.1986;73265;Dettingen unter Teck;20.04.2019
856;customer_eitelfritz;MALE;09.12.1946;67744;Löllbach;04.12.2020
857;customer_franziskus;MALE;14.03.1995;45476;Mülheim an der Ruhr;16.11.2019
858;customer_chantale;FEMALE;09.06.1954;24211;Pohnsdorf;04.02.2020
859;customer_ulfrida;FEMALE;27.12.1903;72294;Grömbach;02.03.2019
860;customer_meinrad;FEMALE;02.02.1998;49832;Freren;05.06.2019
861;customer_volkwart;MALE;07.06.1994;13158;Rosenthal;20.09.2020
862;customer_cathrin;FEMALE;03.11.2013;67744;Löllbach;08.05.2019
863;customer_niklas;MALE;28.02.2010;97258;Oberickelsheim;22.06.2019
864;customer_melina;FEMALE;20.11.1984;54636;Ehlenz;19.08.2019
865;customer_irmelie;FEMALE;09.08.1926;13158;Rosenthal;06.02.2020
866;customer_wieghart;FEMALE;09.06.1988;13158;Rosenthal;21.01.2019
867;customer_bernhilde;FEMALE;27.09.1932;38462;Grafhorst;16.07.2019
868;customer_harribert;MALE;29.10.1905;33739;Bielefeld;31.05.2019
869;customer_marbod;FEMALE;07.07.1917;38440;Wolfsburg;17.10.2020
870;customer_lennard;MALE;16.03.1939;38462;Grafhorst;23.10.2019
871;customer_freddy;FEMALE;28.10.1944;49832;Freren;03.01.2019
872;customer_achaz;MALE;04.02.2018;49681;Garrel;31.07.2020
873;customer_lise;FEMALE;16.06.1960;25792;Neuenkirchen;25.02.2021
874;customer_franzi;FEMALE;26.12.1991;25764;Hillgroven;08.04.2021
875;customer_giselbert;MALE;11.12.1924;67728;Münchweiler an der Alsenz;07.05.2019
876;customer_lisl;FEMALE;02.01.1918;55469;Rayerschied;29.09.2019
877;customer_benedicta;FEMALE;26.12.1918;82031;Grünwald;05.02.2019
878;customer_renald;MALE;31.05.1937;53506;Rech;08.12.2019
879;customer_wiegand;MALE;19.06.1992;84367;Zeilarn;25.05.2020
880;customer_liebhard;FEMALE;30.04.1921;84168;Aham;09.12.2019
881;customer_ireneus;MALE;17.01.1918;33739;Bielefeld;28.03.2019
882;customer_dominik;MALE;27.08.2003;67728;Münchweiler an der Alsenz;01.10.2019
883;customer_borromäus;MALE;12.01.1965;97258;Oberickelsheim;28.02.2020
884;customer_hanshelmut;MALE;20.05.2001;88361;Boms;28.02.2019
885;customer_edelgard;FEMALE;22.09.1944;21521;Wohltorf;12.07.2019
886;customer_sieghild;FEMALE;14.05.2000;24211;Preetz;09.02.2019
887;customer_laurenz;MALE;29.10.2006;25926;Karlum;25.06.2019
888;customer_nele;FEMALE;17.07.2015;72294;Grömbach;13.07.2020
889;customer_edwin;MALE;10.07.1978;72294;Grömbach;05.03.2019
890;customer_thusnelda;FEMALE;01.03.1918;84168;Aham;11.05.2020
891;customer_jörn;MALE;08.09.1987;24211;Pohnsdorf;05.09.2020
892;customer_evamarie;FEMALE;13.02.1973;55469;Rayerschied;17.01.2019
893;customer_denis;MALE;07.10.1941;24975;Hürup;28.02.2021
894;customer_gretl;FEMALE;08.01.1942;53506;Rech;28.02.2019
895;customer_isbert;MALE;30.06.1975;84367;Zeilarn;25.02.2020
896;customer_aloysia;FEMALE;21.10.1958;54636;Ehlenz;17.12.2019
897;customer_filippina;FEMALE;20.05.1968;49681;Garrel;12.01.2019
898;customer_lotta;FEMALE;16.01.1927;67744;Löllbach;22.06.2019
899;customer_lona;FEMALE;14.02.1977;72411;Bodelshausen;22.09.2019
900;customer_edelmut;MALE;21.10.2015;24211;Pohnsdorf;17.03.2020
901;customer_elselore;FEMALE;29.11.1929;24626;Groß Kummerfeld;01.02.2019
902;customer_margit;FEMALE;28.11.1906;67586;Hillesheim;11.06.2019
903;customer_reinwald;MALE;04.05.1929;72411;Bodelshausen;28.05.2019
904;customer_minna;FEMALE;10.06.1956;25764;Hillgroven;05.04.2019
905;customer_adolfa;FEMALE;07.06.1940;67744;Löllbach;08.02.2019
906;customer_ingbert;MALE;14.01.1919;86637;Wertingen;29.01.2019
907;customer_gerdhilde;FEMALE;17.07.1992;74243;Langenbrettach;27.01.2019
908;customer_emmely;FEMALE;18.04.1955;24211;Pohnsdorf;18.02.2019
909;customer_sofie;FEMALE;22.05.1991;38462;Grafhorst;10.11.2019
910;customer_stephanus;MALE;09.03.1968;50735;Köln;02.08.2019
911;customer_arist;MALE;10.12.1921;21521;Wohltorf;01.02.2020
912;customer_elfriede;FEMALE;29.03.1936;38462;Grafhorst;27.09.2019
913;customer_ottomar;MALE;02.10.1910;34266;Niestetal;11.03.2019
914;customer_hansjörg;MALE;05.09.1999;34266;Niestetal;03.05.2019
915;customer_hilar;MALE;01.12.1959;67744;Löllbach;01.04.2019
916;customer_frowin;MALE;22.06.1978;49681;Garrel;04.01.2019
917;customer_paulfried;MALE;31.12.1942;24211;Pohnsdorf;23.11.2019
918;customer_annedore;FEMALE;26.03.1963;67586;Hillesheim;18.06.2019
919;customer_emmi;FEMALE;19.03.2008;54636;Ehlenz;12.07.2019
920;customer_hildmar;MALE;01.07.1965;38462;Grafhorst;13.01.2019
921;customer_herlinde;FEMALE;19.05.1964;53506;Rech;05.01.2020
922;customer_wilbert;MALE;03.04.1962;34266;Niestetal;05.08.2020
923;customer_sören;MALE;15.10.1997;50735;Köln;19.10.2019
924;customer_manuela;FEMALE;25.06.1925;80539;München;13.05.2019
925;customer_baptist;MALE;23.01.2020;25764;Hillgroven;13.03.2019
926;customer_anica;FEMALE;15.04.1960;13158;Rosenthal;20.11.2019
927;customer_emily;FEMALE;08.02.1964;50735;Köln;26.12.2019
928;customer_bertold;MALE;08.08.1985;21406;Barnstedt;16.03.2020
929;customer_elena;FEMALE;19.04.1961;25764;Hillgroven;29.04.2020
930;customer_johann;MALE;03.02.1990;72411;Bodelshausen;25.06.2019
931;customer_norfried;MALE;07.10.2003;53506;Rech;04.07.2019
932;customer_gudrun;FEMALE;20.03.1970;53506;Rech;06.07.2020
933;customer_hadubert;MALE;26.01.1989;54636;Ehlenz;20.10.2019
934;customer_lewin;FEMALE;27.05.1940;84168;Aham;28.04.2019
935;customer_mira;FEMALE;09.02.1928;53506;Rech;28.09.2019
936;customer_hieronymus;MALE;24.01.1966;54636;Ehlenz;16.02.2019
937;customer_jutta;FEMALE;28.10.1947;24211;Pohnsdorf;09.08.2020
938;customer_leona;FEMALE;12.04.2015;67744;Löllbach;21.02.2021
939;customer_traugott;MALE;30.03.1932;34266;Niestetal;30.03.2019
940;customer_wendelgard;FEMALE;31.05.1912;34266;Niestetal;07.09.2019
941;customer_lise;FEMALE;25.02.1960;17111;Sarow;22.07.2019
942;customer_berthold;MALE;17.04.1984;84367;Zeilarn;29.01.2019
943;customer_eckehart;MALE;29.04.1947;24626;Groß Kummerfeld;21.09.2020
944;customer_valentina;FEMALE;02.11.1930;97258;Oberickelsheim;14.02.2020
945;customer_heidi;FEMALE;28.02.1916;38729;Hahausen;22.03.2019
946;customer_oskar;MALE;07.02.1958;33739;Bielefeld;06.07.2019
947;customer_rebekka;FEMALE;05.07.1925;13158;Rosenthal;20.12.2019
948;customer_ehrhardt;FEMALE;09.03.1962;38440;Wolfsburg;08.05.2020
949;customer_gretl;FEMALE;06.04.1988;25764;Hillgroven;04.07.2019
950;customer_iris;FEMALE;18.09.1930;49196;Bad Laer;06.09.2020
951;customer_maritta;FEMALE;28.07.1948;24211;Pohnsdorf;30.05.2019
952;customer_friedlind;FEMALE;27.09.1954;24211;Pohnsdorf;23.10.2019
953;customer_lisa;FEMALE;29.05.1902;97258;Oberickelsheim;31.10.2020
954;customer_ullrich;MALE;11.07.1923;24975;Hürup;29.01.2019
955;customer_karena;FEMALE;14.08.2000;55471;Reich;23.08.2019
956;customer_gunter;MALE;27.04.1980;50735;Köln;13.07.2019
957;customer_friedegund;FEMALE;17.04.1912;99428;Weimar;28.06.2019
958;customer_sigune;FEMALE;15.03.1909;38440;Wolfsburg;13.02.2019
959;customer_sonnfried;MALE;08.03.1904;88361;Boms;11.01.2019
960;customer_kaya;FEMALE;14.09.1941;21521;Wohltorf;16.01.2019
961;customer_regina;FEMALE;07.10.2002;24211;Pohnsdorf;03.06.2019
962;customer_telse;FEMALE;09.02.1990;72294;Grömbach;14.02.2019
963;customer_tim;MALE;04.01.2008;54636;Ehlenz;12.03.2019
964;customer_neithard;MALE;14.09.1911;21521;Wohltorf;18.02.2020
965;customer_rieke;FEMALE;12.12.1967;24626;Groß Kummerfeld;11.01.2019
966;customer_franzi;FEMALE;29.05.2010;21406;Barnstedt;03.06.2021
967;customer_jacqueline;FEMALE;23.08.2006;49681;Garrel;21.12.2019
968;customer_rilana;FEMALE;25.12.1991;38440;Wolfsburg;31.01.2019
969;customer_marie;FEMALE;01.01.1941;67586;Hillesheim;10.10.2020
970;customer_ursel;FEMALE;07.04.1919;34266;Niestetal;12.03.2019
971;customer_siegbritta;FEMALE;17.04.1917;84168;Aham;04.09.2019
972;customer_annedörte;FEMALE;22.02.1911;88361;Boms;13.07.2019
973;customer_vreneli;FEMALE;22.12.1980;82031;Grünwald;30.01.2019
974;customer_diethardt;MALE;15.10.1932;97258;Oberickelsheim;16.03.2019
975;customer_heidegret;FEMALE;24.07.1907;25926;Karlum;13.10.2019
976;customer_caren;FEMALE;17.05.1976;54636;Ehlenz;03.06.2019
977;customer_justin;MALE;03.01.1987;72294;Grömbach;28.09.2019
978;customer_giselind;FEMALE;25.09.1908;67744;Löllbach;03.02.2021
979;customer_phillip;MALE;09.09.1992;21521;Wohltorf;13.10.2020
980;customer_marielies;FEMALE;24.07.2007;49681;Garrel;14.04.2019
981;customer_annekathrin;FEMALE;07.09.1965;67586;Hillesheim;20.05.2019
982;customer_wigand;MALE;01.01.1941;72294;Grömbach;23.01.2020
983;customer_diethart;MALE;30.05.1923;21406;Barnstedt;21.01.2019
984;customer_eleonore;FEMALE;31.01.1931;54636;Ehlenz;27.11.2020
985;customer_manja;FEMALE;29.11.1993;25764;Hillgroven;05.07.2020
986;customer_nadine;FEMALE;11.11.1959;49832;Freren;09.01.2020
987;customer_konstanze;FEMALE;06.03.1952;67728;Münchweiler an der Alsenz;08.05.2020
988;customer_evelyn;FEMALE;13.02.1977;25926;Karlum;08.08.2019
989;customer_christian;MALE;20.06.1911;21406;Barnstedt;07.06.2019
990;customer_sigbert;MALE;15.08.1953;38729;Hahausen;01.01.2020
991;customer_manuel;MALE;28.04.1989;55469;Rayerschied;03.02.2020
992;customer_ekkart;MALE;10.08.1934;88361;Boms;31.12.2019
993;customer_karl;FEMALE;08.04.1919;80539;München;02.06.2020
994;customer_gunter;MALE;20.07.1958;67586;Hillesheim;01.05.2019
995;customer_giesbert;MALE;29.07.1935;55469;Rayerschied;19.03.2019
996;customer_abraham;FEMALE;11.07.2017;84367;Zeilarn;24.02.2019
997;customer_gesine;FEMALE;09.11.2014;72294;Grömbach;19.05.2020
998;customer_daphne;FEMALE;13.12.1909;88361;Boms;21.02.2019
999;customer_berit;FEMALE;14.01.1975;38440;Wolfsburg;20.01.2020
1000;customer_merlinde;FEMALE;14.12.1929;67586;Hillesheim;12.05.2020
